t,score,shape,power_db,rssi,state
0.155,-0.234,0.418,0.143,-56.0,0
0.276,-0.506,0.375,-0.075,-56.0,0
0.420,-0.699,0.371,-0.013,-56.0,0
0.576,-0.745,0.430,-0.018,-56.0,0
0.699,-0.735,0.463,-0.021,-56.0,0
0.819,-0.673,0.518,0.013,-56.0,0
0.990,-0.510,0.613,-0.085,-55.9,0
1.139,-0.396,0.665,0.023,-55.9,0
1.294,-0.198,0.753,0.104,-55.8,0
1.472,-0.159,0.731,0.000,-55.9,0
1.619,-0.157,0.691,-0.079,-56.0,0
1.768,-0.181,0.688,-0.011,-56.0,0
1.892,-0.151,0.727,-0.036,-56.0,0
2.016,-0.089,0.760,-0.073,-56.0,0
2.157,-0.078,0.745,-0.055,-56.0,0
2.290,-0.056,0.762,-0.049,-56.0,0
2.434,-0.024,0.786,-0.005,-56.0,0
2.555,0.008,0.799,-0.004,-56.0,0
2.698,-0.005,0.769,-0.038,-56.0,0
2.824,0.012,0.763,-0.107,-56.0,0
2.950,0.003,0.729,-0.126,-56.1,0
3.091,-0.086,0.689,-0.053,-56.1,0
3.237,-0.182,0.648,-0.029,-56.2,0
3.367,-0.280,0.603,0.006,-56.2,0
3.537,-0.391,0.548,0.004,-56.2,0
3.659,-0.210,0.599,0.188,-56.1,0
3.780,-0.104,0.587,0.198,-56.0,0
3.928,-0.129,0.544,0.170,-56.0,0
4.051,-0.327,0.487,0.074,-56.0,0
4.183,-0.444,0.496,0.057,-56.0,0
4.322,-0.560,0.468,0.021,-56.0,0
4.466,-0.437,0.498,-0.184,-56.0,0
4.597,-0.501,0.462,-0.112,-56.0,0
4.738,-0.203,0.567,-0.271,-56.1,0
4.870,-0.194,0.529,-0.194,-56.1,0
5.009,-0.223,0.521,-0.177,-56.0,0
5.160,-0.308,0.527,-0.123,-56.0,0
5.338,-0.152,0.602,-0.222,-56.1,0
5.466,-0.164,0.593,-0.160,-56.0,0
5.608,-0.274,0.577,-0.074,-56.0,0
5.730,-0.273,0.587,-0.130,-56.0,0
5.878,-0.259,0.606,-0.125,-56.0,0
6.030,-0.331,0.568,-0.079,-56.0,0
6.207,-0.160,0.617,-0.216,-56.0,0
6.327,-0.068,0.601,-0.221,-56.1,0
6.448,0.017,0.610,-0.238,-56.1,0
6.597,0.177,0.626,-0.299,-56.0,0
6.717,0.137,0.590,-0.240,-56.1,0
6.876,-0.034,0.534,-0.172,-56.0,0
7.017,-0.309,0.499,-0.012,-56.0,0
7.138,-0.435,0.519,-0.031,-56.0,0
7.289,-0.524,0.501,-0.027,-56.0,0
7.444,-0.497,0.498,-0.125,-56.0,0
7.573,-0.203,0.562,-0.271,-56.1,0
7.713,-0.010,0.557,-0.290,-56.1,0
7.887,0.105,0.539,-0.301,-56.1,0
8.042,0.164,0.527,-0.300,-56.1,0
8.206,-0.123,0.472,-0.135,-56.0,0
8.407,-0.339,0.476,-0.081,-55.9,0
8.552,-0.477,0.489,-0.038,-55.9,0
8.710,-0.570,0.481,-0.003,-55.9,0
8.878,-0.597,0.502,-0.021,-55.8,0
9.042,-0.662,0.437,-0.055,-55.9,0
9.191,-0.594,0.467,-0.127,-55.9,0
9.348,-0.531,0.469,-0.144,-56.0,0
9.487,-0.517,0.457,-0.137,-56.0,0
9.631,-0.538,0.438,-0.130,-56.0,0
9.787,-0.386,0.486,-0.211,-56.1,0
9.907,-0.521,0.447,-0.078,-56.0,0
10.056,-0.606,0.471,-0.011,-55.8,0
10.197,-0.607,0.493,0.051,-55.7,0
10.319,-0.549,0.537,0.068,-55.5,0
10.455,-0.466,0.599,0.053,-55.4,0
10.617,-0.369,0.615,0.092,-55.2,0
10.827,-0.355,0.620,0.033,-55.1,0
10.948,-0.338,0.634,0.019,-55.1,0
11.070,-0.310,0.618,0.076,-55.2,0
11.197,-0.302,0.628,-0.092,-55.2,0
11.321,-0.375,0.543,-0.097,-55.3,0
11.457,-0.445,0.528,-0.077,-55.3,0
11.578,-0.523,0.509,0.000,-55.2,0
11.726,-0.544,0.505,-0.083,-55.2,0
11.868,-0.508,0.567,-0.061,-55.2,0
12.003,-0.497,0.565,0.013,-55.2,0
12.142,-0.425,0.611,0.050,-55.2,0
12.300,-0.253,0.683,-0.160,-55.3,0
12.420,-0.123,0.704,-0.175,-55.2,0
12.550,-0.107,0.693,0.088,-55.3,0
12.692,-0.165,0.672,-0.055,-55.3,0
12.840,0.281,0.785,-0.372,-55.4,0
12.992,0.169,0.684,-0.186,-55.3,0
13.154,-0.100,0.554,0.074,-55.3,0
13.288,-0.339,0.455,0.082,-55.5,0
13.409,-0.286,0.469,-0.214,-55.6,0
13.531,-0.460,0.430,0.093,-55.6,0
13.657,-0.565,0.421,0.095,-55.7,0
13.800,-0.614,0.443,0.087,-55.8,0
13.956,-0.636,0.491,0.014,-55.7,0
14.104,-0.608,0.527,-0.016,-55.6,0
14.247,-0.557,0.555,-0.037,-55.4,0
14.385,-0.372,0.526,-0.202,-55.5,0
14.518,-0.470,0.477,-0.088,-55.4,0
14.641,-0.603,0.437,-0.038,-55.4,0
14.763,-0.667,0.423,-0.068,-55.6,0
14.907,-0.733,0.424,0.016,-55.6,0
15.029,-0.787,0.408,0.002,-55.6,0
15.153,-0.842,0.378,0.029,-55.5,0
15.301,-0.858,0.361,0.071,-55.4,0
15.447,-0.846,0.364,0.087,-55.3,0
15.573,-0.003,0.672,0.407,-55.2,0
15.721,0.498,0.672,0.423,-55.1,0
15.843,0.867,0.711,0.452,-55.1,0
15.963,1.050,0.705,0.442,-55.2,0
16.120,0.705,0.511,0.295,-55.5,0
16.257,0.458,0.483,0.276,-55.6,0
16.407,0.131,0.362,-0.236,-55.8,0
16.535,0.029,0.420,-0.256,-56.0,0
16.678,-0.072,0.410,-0.235,-56.1,0
16.829,-0.240,0.466,-0.146,-56.1,0
16.971,-0.139,0.577,-0.213,-56.2,0
17.100,0.105,0.642,-0.297,-56.2,0
17.265,-0.066,0.579,-0.133,-56.2,0
17.413,-0.188,0.578,-0.110,-56.1,0
17.552,-0.215,0.614,-0.115,-56.1,0
17.699,-0.267,0.547,-0.137,-56.0,0
17.821,-0.413,0.520,0.016,-55.8,0
17.970,-0.514,0.501,-0.009,-55.6,0
18.094,-0.595,0.477,0.004,-55.5,0
18.239,-0.660,0.450,0.033,-55.4,0
18.421,-0.742,0.400,0.040,-55.2,0
18.569,-0.825,0.372,0.016,-55.2,0
18.708,-0.771,0.380,-0.122,-55.2,0
18.838,-0.627,0.416,-0.177,-55.3,0
18.964,-0.561,0.447,-0.155,-55.4,0
19.109,-0.046,0.618,-0.362,-55.6,0
19.258,0.101,0.631,-0.282,-55.8,0
19.380,0.134,0.659,-0.239,-56.0,0
19.529,0.016,0.668,-0.125,-55.9,0
19.657,0.132,0.786,-0.192,-55.9,0
19.826,0.130,0.769,-0.146,-55.9,0
19.952,0.071,0.755,0.068,-55.8,0
20.100,-0.039,0.703,0.001,-55.7,0
20.233,-0.113,0.691,-0.004,-55.7,0
20.369,-0.120,0.723,-0.021,-55.7,0
20.494,-0.109,0.730,-0.057,-55.8,0
20.642,-0.069,0.763,-0.062,-55.8,0
20.788,0.134,0.859,0.144,-55.8,0
20.940,0.321,0.903,0.173,-55.8,0
21.087,0.482,0.943,0.190,-55.8,0
21.210,0.391,0.873,0.074,-56.0,0
21.360,0.534,0.934,0.208,-56.0,0
21.494,0.452,0.898,0.089,-56.0,0
21.628,0.443,0.910,-0.152,-56.0,0
21.766,0.448,0.915,-0.158,-56.0,0
21.900,0.391,0.904,-0.088,-56.0,0
22.039,0.323,0.881,0.008,-56.0,0
22.198,0.240,0.816,0.065,-56.0,0
22.379,0.104,0.717,0.077,-56.0,0
22.507,0.849,0.907,0.474,-56.0,0
22.649,1.342,0.909,0.511,-56.0,0
22.769,1.102,0.713,0.337,-56.0,0
22.891,0.948,0.685,0.335,-56.0,0
23.014,0.778,0.636,0.311,-56.0,0
23.202,0.577,0.574,0.280,-56.0,0
23.338,0.029,0.423,-0.118,-55.9,0
23.488,-0.398,0.362,-0.051,-55.8,0
23.641,-0.631,0.372,0.030,-55.8,0
23.764,-0.708,0.427,0.017,-55.8,0
23.969,-0.669,0.508,-0.016,-55.7,0
24.180,-0.506,0.539,-0.152,-56.0,0
24.332,-0.181,0.627,-0.262,-56.1,0
24.478,-0.009,0.662,-0.242,-56.0,0
24.623,0.247,0.707,-0.322,-56.0,0
24.777,0.457,0.729,-0.354,-56.0,0
24.901,0.069,0.603,-0.013,-55.9,0
25.026,-0.095,0.597,0.098,-55.8,0
25.199,-0.231,0.557,0.089,-55.8,0
25.360,-0.270,0.535,0.135,-55.7,0
25.498,-0.170,0.560,0.197,-55.5,0
25.625,-0.365,0.504,0.038,-55.4,0
25.747,-0.427,0.539,-0.074,-55.3,0
25.887,-0.126,0.636,-0.270,-55.3,0
26.008,-0.069,0.603,-0.217,-55.4,0
26.131,-0.054,0.598,-0.208,-55.5,0
26.253,-0.032,0.608,-0.211,-55.7,0
26.379,0.066,0.658,-0.241,-55.8,0
26.532,-0.118,0.630,0.003,-55.9,0
26.669,-0.108,0.688,0.098,-55.9,0
26.797,-0.046,0.726,0.119,-55.8,0
26.969,0.050,0.772,0.134,-55.7,0
27.092,0.072,0.764,0.110,-55.7,0
27.240,0.158,0.731,-0.231,-55.8,0
27.395,0.092,0.683,-0.175,-55.7,0
27.532,-0.044,0.652,-0.104,-55.8,0
27.700,-0.093,0.660,-0.127,-56.0,0
27.838,0.117,0.717,-0.275,-56.0,0
27.958,0.025,0.684,-0.137,-56.0,0
28.112,0.006,0.673,-0.175,-56.0,0
28.234,-0.080,0.675,-0.093,-56.2,0
28.359,-0.115,0.680,-0.103,-56.3,0
28.484,-0.188,0.657,-0.038,-56.7,0
28.608,-0.150,0.678,0.100,-56.8,0
28.734,-0.229,0.634,0.017,-56.9,0
28.874,-0.256,0.615,0.079,-57.0,0
29.010,-0.345,0.578,0.018,-57.0,0
29.141,-0.385,0.590,-0.001,-57.0,0
29.278,-0.335,0.614,-0.115,-56.9,0
29.407,-0.321,0.613,-0.102,-56.9,0
29.547,-0.357,0.582,-0.084,-56.8,0
29.700,-0.451,0.525,-0.052,-56.5,0
29.824,-0.360,0.526,-0.189,-56.4,0
29.976,-0.300,0.483,-0.213,-56.1,0
30.100,-0.438,0.379,-0.154,-55.8,0
30.245,-0.644,0.291,-0.112,-55.6,0
30.390,-0.842,0.240,-0.083,-55.6,0
30.586,-1.038,0.209,-0.033,-55.5,0
30.726,-1.112,0.177,0.077,-55.5,0
30.871,-1.036,0.211,0.124,-55.7,0
31.020,-1.042,0.242,0.089,-55.8,0
31.142,-0.976,0.331,0.087,-55.8,0
31.305,-0.964,0.366,-0.004,-56.0,0
31.425,-0.944,0.379,0.011,-56.0,0
31.558,-0.946,0.357,0.035,-56.0,0
31.685,-0.976,0.331,0.030,-56.0,0
31.828,-0.793,0.338,0.165,-56.0,0
31.985,-0.186,0.533,0.342,-56.2,0
32.145,0.239,0.577,0.370,-56.1,0
32.273,0.274,0.499,0.302,-56.2,0
32.408,0.031,0.421,0.202,-56.2,0
32.548,0.078,0.480,0.269,-56.2,0
32.671,-0.312,0.358,0.098,-56.2,0
32.798,-0.441,0.299,-0.181,-56.1,0
32.970,-0.845,0.171,-0.044,-56.1,0
33.105,-0.992,0.173,-0.089,-56.1,0
33.267,-1.181,0.146,-0.035,-56.1,0
33.402,-1.161,0.264,0.040,-56.1,0
33.583,-1.133,0.293,-0.033,-56.1,0
33.711,-1.126,0.293,-0.006,-56.1,0
33.837,-1.120,0.289,-0.027,-56.0,0
33.960,-0.969,0.376,0.088,-55.9,0
34.110,-0.889,0.376,0.084,-56.0,0
34.233,-0.931,0.331,0.043,-56.0,0
34.382,-0.843,0.348,0.115,-56.1,0
34.529,-0.770,0.347,0.130,-56.1,0
34.669,-0.643,0.382,0.164,-56.2,0
34.802,-0.772,0.288,0.093,-56.3,0
34.947,-0.916,0.287,0.039,-56.4,0
35.097,-0.261,0.605,0.323,-56.5,0
35.225,-0.060,0.527,0.275,-56.4,0
35.348,-0.314,0.438,0.110,-56.4,0
35.491,-0.405,0.442,0.142,-56.3,0
35.639,-0.511,0.451,0.096,-56.3,0
35.759,-0.446,0.517,0.146,-56.0,0
35.907,-0.455,0.397,-0.168,-55.8,0
36.037,-0.146,0.491,-0.305,-55.7,0
36.181,-0.343,0.341,-0.163,-55.5,0
36.388,0.141,0.553,-0.406,-55.2,0
36.511,0.100,0.427,-0.286,-55.1,0
36.658,0.398,0.542,-0.417,-55.1,0
36.778,0.572,0.545,-0.422,-55.3,0
36.908,0.323,0.406,-0.286,-55.5,0
37.049,0.282,0.434,-0.327,-55.7,0
37.170,-0.113,0.286,-0.181,-55.7,0
37.295,-0.449,0.264,-0.127,-55.8,0
37.439,-0.732,0.277,-0.058,-55.6,0
37.578,-0.858,0.330,-0.031,-55.5,0
37.711,-0.865,0.384,-0.047,-55.3,0
37.872,-0.808,0.456,-0.016,-55.1,0
38.052,-0.681,0.523,-0.075,-55.0,0
38.192,-0.554,0.547,-0.113,-55.2,0
38.342,-0.487,0.567,-0.090,-55.2,0
38.488,-0.322,0.602,-0.176,-55.2,0
38.609,-0.306,0.563,-0.145,-55.2,0
38.771,-0.134,0.652,0.198,-55.3,0
38.911,0.019,0.627,0.244,-55.4,0
39.059,0.489,0.734,0.398,-55.4,0
39.208,0.638,0.723,0.355,-55.5,0
39.330,0.541,0.663,0.288,-55.6,0
39.491,0.472,0.699,0.268,-55.6,0
39.628,0.039,0.494,-0.109,-55.5,0
39.751,-0.025,0.543,-0.201,-55.5,0
39.901,-0.194,0.489,-0.143,-55.3,0
40.034,-0.083,0.525,-0.254,-55.2,0
40.168,-0.263,0.496,-0.114,-55.1,0
40.291,-0.338,0.490,-0.137,-55.1,0
40.416,-0.470,0.449,-0.093,-55.2,0
40.561,-0.600,0.449,0.004,-55.1,0
40.681,-0.661,0.459,-0.001,-55.1,0
40.830,-0.597,0.499,0.101,-55.1,0
40.956,-0.642,0.474,-0.014,-55.2,0
41.170,-0.637,0.492,-0.041,-55.1,0
41.291,-0.620,0.489,-0.068,-55.1,0
41.447,-0.410,0.575,0.175,-55.1,0
41.580,-0.276,0.564,0.193,-55.2,0
41.728,-0.090,0.634,0.228,-54.9,0
41.850,0.271,0.722,0.330,-54.9,0
41.973,0.254,0.648,0.246,-54.9,0
42.118,1.182,1.009,0.578,-55.0,0
42.239,0.736,0.662,0.231,-54.9,0
42.370,0.544,0.682,0.252,-54.9,0
42.539,0.400,0.678,0.234,-55.0,0
42.673,0.727,0.919,0.359,-55.0,0
42.811,0.408,0.756,0.101,-54.9,0
42.934,0.149,0.707,0.015,-54.9,0
43.077,0.073,0.739,0.102,-55.0,0
43.198,0.120,0.724,0.196,-55.0,0
43.354,0.091,0.656,0.196,-55.0,0
43.523,-0.264,0.448,0.072,-55.0,0
43.649,-0.520,0.411,0.035,-55.0,0
43.773,0.225,0.754,0.410,-55.0,0
43.897,0.353,0.649,0.310,-55.0,0
44.038,0.016,0.559,0.106,-55.0,0
44.171,-0.241,0.534,0.035,-55.1,0
44.309,-0.381,0.535,0.038,-55.1,0
44.433,-0.439,0.553,0.042,-55.1,0
44.578,-0.185,0.542,-0.257,-55.1,0
44.703,-0.163,0.516,-0.201,-55.1,0
44.863,-0.373,0.473,-0.066,-55.1,0
45.002,-0.465,0.506,0.070,-55.0,0
45.148,-0.546,0.462,-0.070,-55.1,0
45.269,-0.539,0.464,-0.115,-55.1,0
45.425,-0.488,0.461,-0.150,-55.1,0
45.577,-0.597,0.435,-0.056,-55.1,0
45.720,-0.674,0.417,-0.057,-55.1,0
45.841,-0.727,0.398,-0.066,-55.1,0
46.000,-0.732,0.420,0.081,-55.0,0
46.139,-0.761,0.407,0.067,-55.0,0
46.263,-0.840,0.372,0.011,-55.0,0
46.442,-0.872,0.368,-0.035,-55.0,0
46.589,-0.857,0.383,-0.062,-55.0,0
46.715,-0.879,0.383,-0.015,-55.0,0
46.860,-0.891,0.384,-0.009,-55.0,0
47.038,-0.882,0.397,-0.020,-55.0,0
47.161,-0.888,0.387,-0.018,-55.0,0
47.310,-0.894,0.386,0.013,-55.0,0
47.458,-0.826,0.355,-0.116,-55.2,0
47.585,-0.892,0.334,-0.048,-55.1,0
47.709,-0.865,0.343,-0.096,-55.1,0
47.858,-0.913,0.328,-0.055,-55.1,0
48.016,-0.738,0.368,-0.168,-55.2,0
48.155,-0.821,0.341,-0.064,-55.2,0
48.299,-0.870,0.372,-0.013,-55.0,0
48.421,-0.708,0.401,-0.155,-55.2,0
48.602,-0.659,0.381,-0.139,-55.2,0
48.724,-0.481,0.417,-0.210,-55.2,0
48.906,-0.585,0.440,-0.061,-55.2,0
49.052,-0.732,0.382,-0.006,-55.2,0
49.198,-0.863,0.332,0.020,-55.4,0
49.323,-0.940,0.288,0.066,-55.4,0
49.467,-1.067,0.240,-0.026,-55.4,0
49.623,-1.062,0.267,-0.073,-55.4,0
49.749,-1.053,0.214,-0.101,-55.4,0
49.890,-0.860,0.298,-0.168,-55.3,0
50.068,-0.728,0.322,-0.171,-55.2,0
50.190,-0.669,0.300,-0.172,-55.3,0
50.341,-0.867,0.234,-0.070,-55.3,0
50.463,-1.024,0.204,-0.055,-55.3,0
50.653,-1.140,0.199,-0.039,-55.2,0
50.789,-1.125,0.292,0.019,-55.1,0
50.918,-1.069,0.311,0.055,-55.2,0
51.066,-0.980,0.335,0.083,-55.0,0
51.209,-0.912,0.345,0.090,-55.0,0
51.329,-0.785,0.343,0.144,-55.0,0
51.451,-0.762,0.331,0.124,-55.0,0
51.628,-0.706,0.306,0.156,-55.1,0
51.749,-0.694,0.299,0.148,-55.2,0
51.902,-0.727,0.293,0.130,-55.2,0
52.039,-0.652,0.356,0.154,-55.1,0
52.172,-0.862,0.290,0.006,-55.2,0
52.318,-0.955,0.315,-0.010,-55.3,0
52.441,-1.019,0.301,-0.012,-55.5,0
52.591,-1.028,0.274,-0.081,-55.5,0
52.740,-1.022,0.219,-0.112,-55.7,0
52.889,-0.932,0.256,-0.143,-55.8,0
53.023,-0.974,0.227,-0.103,-56.0,0
53.167,-0.945,0.282,-0.109,-55.9,0
53.308,-0.777,0.476,0.100,-55.9,0
53.429,-0.491,0.542,0.194,-55.9,0
53.551,-0.251,0.555,0.236,-55.7,0
53.699,-0.204,0.546,0.196,-55.7,0
53.821,-0.176,0.566,0.189,-55.5,0
53.971,0.164,0.706,0.311,-55.4,0
54.091,-0.229,0.467,0.035,-55.5,0
54.240,-0.281,0.628,0.028,-55.4,0
54.364,-0.235,0.701,0.025,-55.5,0
54.518,-0.098,0.772,-0.091,-55.5,0
54.690,0.224,0.785,-0.286,-55.6,0
54.841,0.339,0.806,-0.231,-55.6,0
54.962,0.353,0.762,-0.223,-55.6,0
55.114,0.332,0.682,-0.249,-55.8,0
55.246,0.427,0.638,-0.333,-55.8,0
55.384,-0.047,0.445,-0.099,-56.0,0
55.504,-0.397,0.385,-0.070,-56.2,0
55.654,-0.620,0.327,-0.093,-56.5,0
55.799,-0.634,0.382,-0.139,-56.6,0
55.919,-0.625,0.410,-0.134,-56.7,0
56.043,-0.441,0.623,0.110,-56.6,0
56.189,-0.334,0.652,0.089,-56.8,0
56.340,-0.068,0.749,0.191,-56.7,0
56.462,0.005,0.786,0.093,-56.6,0
56.608,0.078,0.848,0.034,-56.2,0
56.789,-0.059,0.595,-0.139,-56.0,0
56.941,-0.228,0.524,-0.118,-56.0,0
57.062,-0.328,0.560,-0.079,-56.1,0
57.189,-0.356,0.555,-0.117,-56.2,0
57.329,-0.460,0.513,0.030,-56.5,0
57.456,-0.524,0.514,-0.040,-56.9,0
57.599,-0.595,0.439,-0.094,-57.3,0
57.722,-0.603,0.458,-0.105,-57.7,0
57.842,-0.613,0.400,-0.138,-57.8,0
57.990,-0.538,0.444,-0.164,-58.0,0
58.110,-0.417,0.547,-0.158,-58.5,0
58.259,-0.211,0.787,-0.051,-59.6,0
58.383,0.081,0.961,-0.054,-60.4,0
58.528,0.380,1.064,-0.122,-61.2,0
58.650,0.706,1.214,-0.138,-62.0,0
58.798,0.993,1.330,-0.124,-62.7,0
58.948,1.229,1.388,-0.157,-63.2,0
59.106,1.310,1.322,-0.184,-63.3,0
59.278,1.313,1.312,-0.133,-63.7,0
59.399,1.404,1.409,-0.116,-64.3,0
59.531,1.651,1.516,-0.252,-65.1,0
59.673,1.759,1.473,-0.269,-65.5,0
59.794,1.813,1.459,-0.279,-65.9,0
59.914,1.759,1.392,-0.260,-66.4,0
60.065,1.817,1.394,-0.348,-66.6,0
60.209,1.827,1.402,-0.325,-67.0,0
60.335,1.896,1.495,-0.301,-67.3,0
60.508,1.953,1.537,-0.277,-67.6,0
60.658,1.931,1.493,-0.260,-67.9,0
60.808,1.597,1.187,-0.225,-68.1,0
60.934,1.223,0.979,-0.222,-68.3,0
61.087,1.142,1.125,-0.209,-68.6,0
61.320,1.068,1.095,-0.215,-69.1,0
61.469,1.210,1.139,-0.345,-70.3,0
61.650,1.825,1.575,-0.488,-71.8,0
61.798,2.593,2.002,-0.547,-73.1,0
61.938,3.356,2.313,-0.603,-74.3,0
62.069,4.199,2.685,-0.683,-75.3,1
62.197,5.295,3.351,-0.706,-75.3,1
62.370,6.152,3.729,-0.545,-74.8,1
62.496,6.366,3.500,-0.497,-74.6,1
62.639,6.555,3.591,-0.470,-75.0,1
62.823,6.183,3.151,-0.415,-73.6,1
62.968,5.288,2.504,-0.332,-71.6,1
63.118,4.283,1.980,-0.333,-70.4,1
63.239,3.628,1.834,-0.377,-69.9,1
63.419,2.692,1.283,-0.307,-68.4,1
63.568,2.313,1.298,-0.392,-68.1,0
63.690,2.434,1.641,-0.407,-68.5,0
63.869,3.275,2.236,-0.608,-69.7,0
63.990,3.664,2.275,-0.503,-70.1,0
64.140,4.158,2.476,-0.580,-70.6,1
64.290,4.214,2.246,-0.569,-70.9,1
64.439,3.857,1.832,-0.545,-70.9,1
64.563,3.440,1.669,-0.486,-70.8,1
64.710,3.096,1.702,-0.376,-70.6,1
64.831,2.952,1.716,-0.412,-70.3,1
64.954,2.755,1.612,-0.398,-69.9,1
65.098,2.542,1.517,-0.386,-69.7,1
65.219,2.258,1.405,-0.336,-69.2,0
65.350,2.072,1.446,-0.276,-68.8,0
65.489,2.053,1.581,-0.226,-67.7,0
65.616,2.003,1.576,-0.169,-66.3,0
65.763,1.970,1.602,-0.097,-64.6,0
66.040,1.512,1.185,-0.053,-62.5,0
66.179,0.952,0.873,-0.075,-61.1,0
66.299,0.358,0.615,-0.017,-60.1,0
66.452,-0.112,0.474,-0.022,-59.4,0
66.612,-0.451,0.397,-0.020,-59.4,0
66.750,-0.543,0.465,-0.061,-59.5,0
66.872,-0.565,0.482,-0.074,-58.9,0
66.993,-0.500,0.558,-0.080,-58.3,0
67.146,-0.477,0.560,-0.061,-57.2,0
67.299,-0.446,0.552,-0.094,-56.5,0
67.469,-0.460,0.476,-0.126,-56.0,0
67.650,-0.482,0.473,-0.113,-55.4,0
67.771,-0.509,0.471,-0.102,-55.8,0
67.913,-0.388,0.512,-0.174,-56.3,0
68.035,-0.281,0.587,0.176,-56.5,0
68.170,-0.289,0.548,0.153,-56.3,0
68.311,-0.267,0.556,0.165,-56.6,0
68.458,-0.210,0.610,0.164,-56.8,0
68.582,-0.054,0.681,0.208,-56.6,0
68.733,0.148,0.776,0.233,-56.5,0
68.870,0.093,0.790,0.007,-56.7,0
69.003,0.130,0.853,-0.016,-56.9,0
69.127,0.227,0.929,0.009,-56.8,0
69.275,0.172,0.821,0.044,-57.0,0
69.420,0.096,0.780,0.016,-57.1,0
69.574,0.084,0.792,-0.053,-57.1,0
69.699,0.188,0.828,-0.148,-56.9,0
69.850,0.356,1.000,-0.068,-56.8,0
69.989,0.565,1.067,-0.142,-56.6,0
70.126,0.784,1.102,-0.213,-56.5,0
70.266,0.897,1.083,-0.226,-56.5,0
70.398,0.843,1.026,-0.169,-56.7,0
70.531,0.700,0.922,-0.155,-56.9,0
70.654,0.495,0.764,-0.178,-56.9,0
70.801,0.387,0.699,-0.225,-57.0,0
70.923,0.375,0.685,-0.264,-57.1,0
71.071,0.256,0.640,-0.216,-57.0,0
71.221,0.296,0.668,-0.269,-57.1,0
71.341,0.314,0.684,-0.259,-57.2,0
71.488,0.502,0.734,-0.345,-57.2,0
71.639,0.416,0.717,-0.234,-57.0,0
71.761,0.238,0.721,-0.125,-56.8,0
71.915,0.244,0.742,-0.200,-56.7,0
72.062,0.218,0.762,-0.161,-56.5,0
72.239,0.141,0.766,-0.089,-56.5,0
72.364,0.077,0.757,-0.071,-56.5,0
72.511,0.153,0.774,-0.178,-56.8,0
72.661,0.154,0.802,-0.110,-57.0,0
72.793,0.160,0.812,-0.102,-57.0,0
72.932,0.151,0.824,-0.063,-57.0,0
73.078,0.136,0.793,-0.096,-57.0,0
73.201,0.147,0.802,-0.110,-57.0,0
73.322,0.076,0.775,0.015,-57.0,0
73.470,0.017,0.734,0.082,-57.0,0
73.630,-0.104,0.670,0.009,-57.0,0
73.770,-0.174,0.640,0.083,-57.0,0
73.919,-0.175,0.646,0.119,-57.0,0
74.039,-0.286,0.596,0.001,-57.0,0
74.161,-0.321,0.616,-0.028,-57.0,0
74.282,-0.301,0.610,-0.103,-57.0,0
74.429,-0.293,0.632,-0.071,-57.0,0
74.549,-0.215,0.700,-0.078,-57.0,0
74.669,-0.120,0.757,-0.069,-57.0,0
74.822,0.024,0.867,0.012,-56.8,0
74.969,0.200,0.960,0.010,-56.8,0
75.094,0.396,1.055,0.041,-56.8,0
75.216,0.614,1.132,0.129,-56.7,0
75.360,0.598,1.018,0.087,-56.8,0
75.480,0.534,0.965,0.083,-56.9,0
75.633,0.353,0.785,0.133,-57.1,0
75.754,0.786,0.896,0.413,-57.2,0
75.933,1.009,0.796,0.433,-56.6,0
76.053,1.083,0.780,0.415,-56.5,0
76.178,1.155,0.817,0.416,-56.8,0
76.301,1.153,0.810,0.394,-58.3,0
76.441,0.868,0.720,0.288,-59.9,0
76.592,0.299,0.605,-0.015,-60.3,0
76.740,0.312,0.842,0.156,-61.0,0
76.889,0.360,0.894,0.150,-61.2,0
77.102,0.295,0.758,0.184,-59.6,0
77.227,0.441,0.942,0.189,-58.1,0
77.379,0.421,0.842,0.183,-56.8,0
77.505,0.359,0.799,0.176,-56.8,0
77.640,0.082,0.515,-0.177,-56.8,0
77.762,0.088,0.529,-0.264,-56.7,0
77.913,0.007,0.513,-0.220,-56.5,0
78.060,0.007,0.484,-0.254,-56.5,0
78.186,-0.276,0.434,-0.103,-56.5,0
78.331,-0.532,0.382,-0.057,-56.3,0
78.452,-0.703,0.378,-0.018,-56.1,0
78.599,-0.783,0.392,-0.018,-56.1,0
78.726,-0.807,0.365,-0.078,-56.2,0
78.861,-0.766,0.412,-0.087,-56.1,0
78.992,-0.265,0.504,-0.328,-56.2,0
79.114,-0.016,0.535,-0.304,-56.3,0
79.259,0.236,0.627,-0.334,-56.3,0
79.382,-0.006,0.642,-0.027,-56.5,0
79.536,-0.049,0.733,0.033,-56.4,0
79.680,-0.029,0.735,0.111,-56.4,0
79.833,1.337,1.226,0.660,-56.4,0
79.957,1.734,1.081,0.544,-56.5,0
80.099,2.927,1.456,0.859,-56.5,0
80.222,2.894,1.133,0.657,-56.4,0
80.372,2.798,1.084,0.636,-56.6,0
80.495,2.588,1.012,0.588,-56.6,0
80.640,1.286,0.512,0.170,-56.5,0
